,0,1,2,3,4,5,6,7,8,9,10,11,12,13,14,15,16,17,18,19,20,21,22,23,24,25,26,27,28,29,30,31,32,33,34,35,36,37,38,39,40
TAGLN,0.5049158344776288,0.8636151252038475,1.032262336015374,1.0687988981182617,0.8846144073023083,0.663843184946205,1.0548130770429855,1.0099407099278128,0.8527404910102714,0.8098693500421126,0.9654277391166152,0.5797554160166918,0.8268621016057605,0.953628448771764,1.0593089865014171,0.7285296413132825,0.8572454673219889,1.0285226203408246,0.8703877793962134,0.9810559238295022,0.98898719085913,1.0066966352096944,1.0434636924549778,1.018851858907886,0.7265771495822477,1.0498164531479262,0.9524280706773816,0.15889019032852758,0.006149665845766704,0.1668400749034591,0.16072582146778958,-0.08413580630444084,0.02352552930874241,-0.05913677633654003,-0.07407723605140948,0.13122258571592085,0.4791151264413029,0.1300723553861478,0.5951977430535527,0.06752854091382865,0.3051582098158345
FAM38A,1.0384124237730368,0.9731481799196828,1.232185610104109,1.0776016604150378,0.8706534403707797,0.70345508155509,0.9542871483366908,0.9892234810968894,0.970638982751606,0.7606682172891648,1.168305366049912,0.5539255913968613,0.7069757922333828,0.9846870812762171,1.036387936327257,0.7169195646822664,0.9473115828576292,0.975670879929288,1.0244954436988531,1.088818718905144,1.1832955364221762,1.1386564806902504,0.6733982586529237,0.8858035087825673,0.6486641170252683,1.0404895653545614,0.926986510962542,0.2604975064498536,0.0004175056214137385,0.4134636833000671,-0.00449055521243924,0.18177319032592854,0.14318781681108295,0.25602534210361183,0.104946757543408,-0.02317718693658044,0.04862367173135485,0.11781666906395305,0.6153050908024651,-0.05035843633725978,0.21082865128604025
EZR,1.2004952867043013,1.1115609855472195,1.0949608164723106,1.1992120039257703,0.8853947926628095,0.6089154652683526,1.070267670506318,0.9510920924187332,1.0435216762643669,0.8474624328118544,0.9846411738168712,0.4650704472294955,0.6280213971554658,1.0320806819254302,0.9887402301093844,0.9584781897455869,1.046355148417657,1.1615406515689808,0.9756778260123156,1.0824117215467788,0.9352971984525194,1.020592102542785,0.7321352751037427,0.9424097285068648,0.7121208908374513,1.0138784508157128,0.9150976448986744,0.19018242189565934,-0.3376886362909428,0.2879624505109861,0.07242799556817836,0.20630453636066412,0.24584252646565186,0.2976085318964192,-0.0471424911791769,0.26750650116348296,-0.00671829425803061,-0.03638013729155709,0.5558319733451297,-0.1220390391858548,0.05180885901628374
ST7,1.1804922302267589,0.9625633780796828,0.9678437232241526,1.2687981309957983,0.9651453541459982,0.6805676793684836,0.6066984388392787,1.1505123022378982,0.9003153728977141,0.8855152430198798,1.0604456631413914,0.6106166451559376,0.5266013163693861,0.9042323611183568,1.150245680203953,0.8552524087942059,0.9659923772392788,0.8523648741730157,0.8745079528137067,0.9864408906035405,1.062083981076683,0.7031765215338737,0.8302507957143401,1.0416362031646147,0.6469969417764163,0.8145061301144678,0.9599038258703572,-0.08720625798979698,0.13421189491784258,0.1764415508922682,0.06970334631439434,0.11798416955387114,0.20659056992160907,0.09825331029654838,0.049634030219757534,0.06053961731033864,0.1712338162941096,0.18984227501797926,0.5948003890361593,0.23335215197566386,0.22098836625524831
PCIF1,0.9877798337871146,1.0840246447552122,1.1454953323668822,1.1430342384854293,0.9191469160891832,0.81180164601246,0.963083506825602,1.0163956362994555,0.9404085646895508,0.9220688665583588,1.1966340541928302,0.7053018781949459,0.6808916414268507,0.8862238002742684,0.9795406756227004,0.8335983670666258,1.1117350935034451,1.065225686076428,1.0263732811761734,1.1393429966732842,1.0201231880245731,0.9259049490123608,0.7205767802652696,0.8081020249896285,0.6365835723500237,0.8319636229628142,0.911250507542824,0.12505630156907446,0.0636817753752763,0.3678666747642629,0.12632435545287102,0.13232945644441685,0.2833962508499557,0.16503471278149814,0.02038519673124473,0.3269023097611341,0.2757987008180596,0.16002155073114688,0.8094774125722104,0.00029025346637734373,0.3092904059295156
C21orf70,1.020353906967402,0.9368812879250532,1.00680430594714,1.0843962568630878,0.9591454043805064,0.79727086430599,0.9449445152776632,1.0152932706977944,0.9165852898498226,0.9599876559144008,0.9761501651900122,0.4329719215451524,0.6372688560762427,0.7043655730949699,1.0245787899105687,0.8194039685143839,0.9700825163846084,0.9371908960673034,0.9327366892868838,1.0064877803582453,0.9935376913805268,1.0393787718167642,1.0261920223159575,0.956986112929374,0.7512715210753049,0.8871968322090851,0.9791013994721679,0.3654475805520241,0.3287322891969462,0.2273680088373993,0.17684234968551293,0.1119931739675366,0.16699735577289654,-0.08795394434159076,0.1052606118058581,0.06642397014639667,0.5265276623603727,0.2579173397968797,0.4774217567274182,0.5029779489269763,0.43542069765738667
SAPS2,0.8876930681510986,0.913931156472798,1.1372272984745422,1.082243318441196,0.9110128993344456,0.7162088008517697,0.6167999051013737,0.9882549445337068,1.0608128852661185,1.0268224786658149,0.9681567841430744,0.835142420960751,0.7102694999491783,0.8455459933175566,1.0515546145465349,0.599505034229411,1.079708230632729,0.9485881663710519,0.9428006493632788,0.9612652556113837,1.0076890942978416,0.9881519888578234,0.961029050544215,1.0444802197996053,0.7633534667698241,0.9131193154190322,0.9648267711033052,0.368593384638654,0.17986927871759395,0.6245502645380778,0.16664291349222893,0.3158791157254166,0.2703597444612349,0.13241290775165027,-0.0655272877922739,0.2837849225209732,0.2264442385399361,0.06694253164105303,0.6831608278187451,0.12041691698390178,0.3655779051911949
ASAP2,0.9117581957181992,0.7273412373614421,0.8802756896874744,1.0893302204732986,0.8365024872333553,0.6639437422435228,0.7664445535916721,0.9396940747470256,0.6232172017513866,1.0351335447535002,0.7396279447020708,0.6476210804151208,0.5990403683817105,0.7312598463312026,0.9846962471164152,0.6759000205617616,0.9884968457210364,0.8982814120192617,0.8271946274476999,0.8515001087365563,0.9060973548507016,0.7702886996831482,0.9873353577892124,1.0092749805746941,0.5693768840919535,0.9414698814247036,0.8823018113086736,0.3063387610907098,0.06262707924012513,0.31296462756384136,0.042870814421507315,0.4630508747954636,0.4338148872087193,0.259107356302656,-0.07366525221271902,0.29779281611322306,0.01768640523003362,0.26067506582941125,0.32738582660745985,0.21064266009300248,0.3079766119894214
FMNL2,1.0715390317317464,1.041999108008115,0.8087408722625031,1.193653990309658,0.940504946463073,0.6212484193872159,0.8020350824767062,0.8362334484155616,0.9412832332198736,0.9703113470734568,1.0759725685118509,0.673322862471867,0.5026408073466644,0.9451968022570294,1.037654825755039,0.8526737904616248,1.027427324774274,0.9101328080699927,0.6766114720205381,1.0854702719796476,0.7419475180939044,0.8648716456313434,0.8465815084956008,1.096781359972002,0.7691874483456078,0.4935602753446244,1.0592048872966064,0.07247232061733011,0.08929865891880279,0.2986612741767599,0.3012387150839736,0.3377094907383338,0.2027081776536599,0.07239094712385685,0.1160308890382537,0.0313887754330473,0.3980570044337157,0.016588477963106363,0.5110746683226474,0.11983737374342872,0.1902515009340452
AHDC1,1.0927992730772136,0.8801760735759689,0.9746490234018216,0.9663562440669328,0.9721620778926954,0.7786903611469786,0.9077055460797836,0.9824661107029172,0.8886684114547458,0.758149688056557,1.0514453257279943,0.8882978405008783,0.9204882381603608,0.9736236041152342,1.1308885009153768,0.8341671585183716,0.960821079091382,0.9825595352167268,1.0403755843854854,0.7909945085319636,0.9616938970074518,0.8176456277098176,1.125157441545788,0.997055454730868,0.5909078937101021,1.0697515024395488,1.0916704332414209,0.07534115623148985,0.04541985299192186,0.6681659117083165,0.2361658319290893,0.058003992644249276,0.20105578391358714,-0.016605447742680024,0.006699333341388503,0.2542700912948206,0.29751448797390045,0.13399433499237068,0.8135631923825879,0.3416926386252732,0.4073709855957679
RERE,1.087960138473582,1.0388884512261098,1.0126196562979166,1.0807405032303277,1.0273614068654304,0.5785394568955525,0.9289337707484596,1.0082694809634891,1.0261802852267712,1.264185488309682,1.182770527025267,0.43681886776539297,0.7214184504600205,1.0435892408515772,1.002986906726397,0.800394100288577,1.179979871196782,1.0781527850063226,1.1335146899429338,0.9493442913894646,1.047456451221243,0.8320718324370726,0.9700210287279428,1.1248633653260365,0.5265884165680302,1.062286286910798,0.6416048217374414,-0.11343112682612165,-0.15827376154718542,0.12111222279846112,0.20229476266015967,-0.044476693629928565,0.0607656179817595,0.30313577884277443,0.22234992187445468,0.21763413799075648,0.2262005467432955,-0.2094989625445618,0.6867568958201473,-0.12932369772874486,-0.16977552143609942
HIST1H2BI,0.8228176274301271,0.9832650008215252,0.8863661280024229,0.889985668927797,0.8187588117530213,0.6177136813744903,0.7794729113191999,0.9747496091634718,0.8122592060053067,0.6416005757595646,0.736688899720082,0.6386693962732599,0.7991572462513505,0.9184993485301662,1.078902612820682,0.8650832273612237,0.9457040256975168,1.1135251434300053,0.598531671261804,0.9133035559114844,0.9054780824842958,1.1183156512511652,0.9597494012797636,0.7959048487245002,0.7809676909085248,0.7422009805386229,0.8381758974268825,0.3449458556342029,0.4079608955511173,0.31118708500628234,0.34937492829342365,0.26677363132749754,0.4595706193062638,0.26129294581017304,0.4225747596041524,0.13858298394631394,0.3069282215834085,0.5369859833348817,0.38208156713264185,0.34804439023856204,0.4351313232989588
PMEPA1,0.9366298042457448,0.9595648321404896,1.2167836374337244,1.030857395089294,0.9273584160444844,0.6034466331308136,1.03041449091731,0.9958612345632052,0.997465581136726,0.9792053369594518,1.0435927922558237,0.6940860479908953,0.7290677014613224,0.9967072007629496,0.8509687760951051,0.8487608189462492,0.9185405510127236,0.7351456142915095,1.0434549961305772,1.1361123967823792,0.7717226258139378,0.9175150652250524,0.7987111842643935,0.7556256470203834,0.5345356103138816,0.958661590245482,0.6831990671124456,0.22222420423776268,-0.24221730144802975,0.5424676670016748,0.052731625618757334,0.02708758275929624,0.174239295659528,-0.06665391720189895,-0.17575032034283744,0.3224136096591296,0.20102132715042176,-0.12169878684516112,0.6246821197380855,-0.22869689279978056,-0.2561796108984189
ZNRF2,1.0365860198288177,1.0291343031663884,0.9267734788640304,1.0003786936505168,0.9941220526490068,0.8924617562481787,0.8716899593752023,1.0124401872685838,0.9648553778787248,1.028846898753015,1.0669280067890743,0.13728769988628398,0.4654775307201229,1.0455262652256878,1.0722042530367897,0.5798660692000251,1.1978130560925389,1.0887214921533996,0.961701932174275,0.9580943716771226,1.1798124528666911,1.0664401125558491,0.9928034447365892,1.1461056427938652,0.413844073923806,0.9260920740342014,0.6328199950349593,0.06641857325398659,0.03644909070257985,-0.17333705451649184,-0.16688662374944796,0.0409427799115174,0.2086314136994798,0.3606514586537728,-0.00861342740526938,0.21665868363913576,-0.007464879899340194,-0.1914376700114904,0.2552342463782745,-0.22243658799205115,-0.06622249514695677
ZFYVE21,1.1745531163453882,0.9757882330453572,0.8641881080287586,1.3921882715246954,0.9551482062024392,0.5600786758865801,1.2306597710189997,1.1094725118773254,0.9707304717933324,0.6992625778682746,1.1279343787649927,0.5234445174019073,0.4575949809369298,0.9485505620053548,0.9630913371833228,0.8579042665370917,0.9280466701596392,1.0128671376437748,0.8691936649704155,1.0350940601532448,0.9902142164248364,1.1088645191355788,0.730097731578015,1.0276276900841763,0.7192222181467816,1.0000672752690245,0.9340028647088852,0.17971403264150365,0.2587594343438593,0.19713815859710013,0.32462108451621496,0.07219305437372991,0.002698445674314432,0.0705187669610925,0.13309644874752458,0.09275809159954472,0.4406334832345405,0.17765902871126427,0.3937121913912927,0.2979622756359299,0.2366989311000378
KDM6B,1.05242418927698,0.7514857857220356,1.0156692963940641,1.2044743696830431,0.6856227835830033,0.4687887966283464,0.9220647184250326,1.1010957683375784,0.7752520517138533,0.7985508041209317,0.7789520611237948,0.7636735738053351,0.606145158549467,0.781930193032597,1.0533463813055106,0.8765224009302934,0.8157739264374019,0.827362035076066,0.6476945496655788,0.7928400964523936,0.8394486348154739,1.0953243128773766,0.8621106717319673,1.1130073893725627,0.7025707717602097,1.0995301492778653,0.9093103601831958,0.18949576084176112,0.2902819276637123,0.41559921777495656,0.17167101251295902,0.128762427966171,0.28418450916683113,0.07022199588080014,-0.09484314502483526,0.2359274930326296,0.19761514794783208,0.28160741728128924,0.4681382795094655,0.19640488763480055,0.3205079589281201
SCG5,0.975765582065842,1.0206042448517525,1.0523898749905658,1.327126129155468,1.0446630201966518,0.7207707576136646,0.6875115546981465,1.1888747492047729,0.9998964655937324,0.8686062533374226,1.2357799170201922,0.4708096834466156,0.5342645046088002,0.9188611138332672,1.0099828883085284,0.9388999332662158,0.9756749894645214,1.261731208001536,0.9666003888360593,1.127260490856605,1.0727091218994953,0.9594760478632824,0.8034087608070677,0.7834493874659856,0.5321247492037802,1.0517576551009016,0.975799151662046,-0.15800018226541668,0.03180287974707041,0.17205289623540088,0.1501728190361693,0.13240841736416065,0.4111623852748878,0.4050714102333399,0.11856944497404355,0.02536342539032788,0.2422532272059004,0.20168602971210411,0.2974397622877729,0.3039130815417732,0.2660009269212724
E2F2,0.9995625415956793,0.8685519340668156,1.0553913992542898,0.973101479627005,0.8630087250792358,0.603854613117227,0.9174936137841744,0.9957592489489911,0.8824469643561378,0.9498167869949063,0.9327478859520032,0.7813259525657059,0.8850266053504796,0.9772489229232516,1.0138735401302768,0.6906746381983804,1.0438513678043626,0.7452478118188689,0.9919687436010104,0.9716994461871004,1.0476812617185058,0.4716770535294938,0.9376825561520468,1.006591248549907,0.6448230233178595,0.8507377216519596,0.7492973710299495,0.29968957148670583,-0.06993685931302229,0.5855052525618728,-0.01063269535305045,0.16746266638609786,0.15656644894428284,0.136649391458052,-0.09143169914020244,0.2571792479829511,-0.11431828824307155,0.13219785362382375,0.7264822421690537,-0.13925958310913167,0.16651188275585738
UBE2O,1.0337799512343342,0.9191554111406984,1.1088011535835258,1.171722098546919,0.8529196633752978,0.7608729914854315,1.0119739831047507,1.096787460956742,0.9326763705711372,1.0216636310776757,0.8563714130317646,0.4145991844717409,0.4962496561031582,0.8285221516971006,1.0557528716557716,0.8147824216205528,0.9717181719528228,0.9756416250157338,0.8668171672522069,1.0019327966661375,1.0432365201692502,1.0298646998946772,0.9289589214705128,1.0362999406293074,0.6092333196408388,1.014344072310604,0.896971765004202,0.33236085806631355,0.3960489471986319,0.2357912442730985,0.005074589320336109,0.24291475697572015,0.4151832637978892,0.4672658425598346,0.13447761562804314,0.226066413292072,0.35402735180027095,0.2858875046569711,0.39544915070581865,0.1256915218773491,0.4539044360886368
RAI1,0.948138074335251,0.9458464371593142,1.0042458418775664,1.1771102546526304,0.9741160813534404,0.7649250256256361,0.8068337941217902,1.1719518560117606,0.9833897525649422,0.7220043827171776,1.1311354249876389,0.6021973093561992,0.798381302372102,0.9229116314885516,1.0295661478314768,0.6317217017309615,0.96452542508726,0.6863362345854402,0.9980520770724244,1.0395283577227563,1.1004195292499188,0.8356380020242287,1.0807622008904023,0.9549354135162678,0.6422202458962158,0.8633944670760925,0.9258244827610204,-0.04395001036173651,0.1767676945645804,0.18926912988539654,0.2437197412563896,0.2195076806192433,0.2336184972811428,-0.010127371305040269,0.02100555873969201,0.4498814404867173,0.3964529345373746,0.192307142238469,0.7537073465175308,0.2586785838675616,0.32156679193289106
AATK,0.8935114179730211,0.8225363030655743,1.1168655132635557,0.9917137179989672,0.9795717333056972,0.6267675895032705,0.8065109028332206,0.7916279768926693,1.0843087826273656,0.9276151930842644,0.9623812659838292,0.7793677247371991,0.7790017850559514,0.9999678322352948,0.8105188439334015,0.6508174635632846,0.8802192159164325,1.000383730638243,0.9968487533173908,0.9686683218466096,0.9526218137891636,0.7070456335943425,0.762071612220397,0.9048307278350572,0.7360373904627651,0.7587536530409454,0.7019338274904676,0.2861891192081728,-0.3142291175704699,0.7708229801453299,0.11756517478398275,-0.18559866787509935,0.0012915004643536676,-0.21466488551344565,0.25405823629148216,0.33094736072578235,0.4814038319139096,-0.03013158086017298,0.005591556892695636,0.06204979161031176,0.10670779747610147
LHFP,0.9933817658816956,0.9409132566229886,1.0358993597545665,1.0390647528966686,0.9200263344281048,0.4526089331054046,0.9890512937959076,0.9419310995157572,0.995341468257862,0.8926036017495941,0.9789775240087141,0.43190854872490536,0.4766870857128184,0.9578109770448622,1.0656237201514127,0.975673119073606,0.7608606698969813,1.0326746500620456,0.8890808536841102,1.063610887613521,1.0459501307320274,0.7590587568230329,0.6040986721071221,0.9689782092289784,0.9295377978735374,0.8076334074756604,0.8885344136098228,0.4929107081101782,-0.3636086349699268,0.32103099587831285,-0.1401053286128655,-0.1815177423408174,0.22865947895194205,0.015821506703306062,0.08406174086053841,0.30450824339233784,0.33271016992211666,-0.06971441462143146,0.3496987210862267,-0.055391105268775886,-0.2086294088395864
SHPK,0.9175502148493716,0.8075559065980444,1.1068991658054017,0.9197660650288828,0.9095305460236264,0.8720572704738787,0.8892809806084294,0.9765934596884084,0.7870258467029956,0.8433197959489362,0.9319892162601028,0.8416340185038944,0.7022029669241459,0.7836576644920292,0.9942859722201476,0.8167874914529678,1.007123513163748,0.8458526779653939,0.9690358479016191,0.9324315993375452,0.9106615177540114,0.9567103920705337,1.1523358988622867,0.9980622486042056,0.6929949908230375,0.9194462226260054,0.954073519114652,-0.016753850896549242,0.15298016043136364,0.6216476504539852,0.06849005165867084,0.5508045256128424,0.20297619354050944,0.36231111092601853,-0.03879487103577084,0.2328744317946993,0.4212053957707465,-0.06851941631546321,0.7603243461380194,0.12307236625300975,0.33676475295842945
TRPV1,0.9175502148493716,0.8075559065980444,1.1068991658054017,0.9197660650288828,0.9095305460236264,0.8720572704738787,0.8892809806084294,0.9765934596884084,0.7870258467029956,0.8433197959489362,0.9319892162601028,0.8416340185038944,0.7022029669241459,0.7836576644920292,0.9942859722201476,0.8167874914529678,1.007123513163748,0.8458526779653939,0.9690358479016191,0.9324315993375452,0.9106615177540114,0.9567103920705337,1.1523358988622867,0.9980622486042056,0.6929949908230375,0.9194462226260054,0.954073519114652,-0.016753850896549242,0.15298016043136364,0.6216476504539852,0.06849005165867084,0.5508045256128424,0.20297619354050944,0.36231111092601853,-0.03879487103577084,0.2328744317946993,0.4212053957707465,-0.06851941631546321,0.7603243461380194,0.12307236625300975,0.33676475295842945
PBX2,0.9178879825446922,0.9303962685244636,1.0514819733028515,1.2408290092854064,0.9112113597611872,0.5868076384115177,0.9739232445827462,1.086484231952367,0.9097884964933441,0.8238182921368367,1.0312502326066595,0.3676865161888041,0.560586007940723,0.7682560977330315,0.9996326486285856,0.9101095377064397,0.973088188581276,0.9704182886522844,0.964556388793738,1.065191545091547,0.9465229605147476,1.0415948890053035,0.6577102544814513,0.922683843906793,0.6163646678991577,1.1309428909578827,0.9154386051198538,0.06344388157854275,0.3114083698763665,0.1789610563215973,0.1002490125342177,0.055592668969319366,0.2587149358308025,0.33221519873300176,-0.007952374857191025,0.0966002222404383,0.4986789470116206,0.11985947314117194,0.5194624206264349,0.2114461163001025,0.21948646460676316
UBE2I,1.0083228833741682,1.1083065559820655,1.115054072269455,1.2817829326060752,0.9537241037188408,0.594058221807054,1.116396754442583,1.0897079581362004,1.0607387018129435,0.6022449928862552,1.066199250025758,0.6120720269376316,0.5414858898114563,0.9799415511759886,1.0830133868269458,0.9082960517177608,0.965911529779035,0.974751069554908,0.8835284221670414,1.0850030866845557,1.1403996131407843,1.1222239543155963,0.8818718015139662,0.9729559618575864,0.6534416385579451,1.2120318993012782,1.0421365015598199,-0.002723360371378547,0.2834763798704305,0.3756992280277567,0.2571759592583711,0.07665701206874154,0.2106308438269293,0.18033987425377296,0.11854000711198374,0.05085605649710878,0.2804888938523096,0.15107447231650184,0.8077975381352229,0.054381340267422466,0.2280530176318094
C11orf92,1.047560163185111,0.9834034006833308,1.0062563318934141,1.4154179311882622,0.989525806152987,0.7518771333124759,0.8480958102779483,1.2622476559357625,0.8741980975126458,1.0195164147450446,1.0933602372238358,0.6408235007656564,0.5901619452409068,1.003546870531027,1.2133348192219664,0.9253590555999556,0.9718793491180916,0.6153412825505269,1.0018804856560628,1.0670209362324208,1.032434744275485,0.8899128114460924,0.9663106056245494,0.92518790899203,0.7494948481153987,0.9635163808001924,1.1114815316141602,0.18086888159580672,0.3912669112550629,0.23177230992923406,0.27836926848940635,0.3424715016303017,0.38838144423278975,0.5098374971840716,0.32864614906731915,0.2635378222233635,0.5959690522278225,0.321820800747443,0.4216996935754847,0.28953698957757545,0.313845476797023
C11orf93,1.047560163185111,0.9834034006833308,1.0062563318934141,1.4154179311882622,0.989525806152987,0.7518771333124759,0.8480958102779483,1.2622476559357625,0.8741980975126458,1.0195164147450446,1.0933602372238358,0.6408235007656564,0.5901619452409068,1.003546870531027,1.2133348192219664,0.9253590555999556,0.9718793491180916,0.6153412825505269,1.0018804856560628,1.0670209362324208,1.032434744275485,0.8899128114460924,0.9663106056245494,0.92518790899203,0.7494948481153987,0.9635163808001924,1.1114815316141602,0.18086888159580672,0.3912669112550629,0.23177230992923406,0.27836926848940635,0.3424715016303017,0.38838144423278975,0.5098374971840716,0.32864614906731915,0.2635378222233635,0.5959690522278225,0.321820800747443,0.4216996935754847,0.28953698957757545,0.313845476797023
MAD1L1,0.9416277756936212,0.8703328709344054,0.922198350069024,1.010501585044726,0.7972712618891529,0.5592803333716334,0.9184813081375998,0.8968415844751614,0.8270265434527722,1.1058541034211724,1.041396672538363,0.5344285905052545,0.4198923267820083,0.8137860171442226,0.9537768027434829,0.7189239621238113,0.8035019137709112,0.9213842016055658,0.9004042252118607,0.9100783964086474,0.9292533393671958,0.941343820228164,0.8730925722361849,1.0328333345150935,0.7679256411430908,0.709796076794275,0.7517161831325243,0.19990495658225396,0.06480303118106856,0.3211479102812204,-0.10076901814564054,0.2566656667429041,0.34301243555158223,0.2707425938054706,0.07009993142283544,-0.05134449668343749,0.6297095820554318,0.0015014145620975141,0.4909725017667863,0.15507015124384382,0.04995446017371069
POLR2A,0.9734451005880338,1.0582063617469526,1.0704526874737308,1.017405745016834,0.9173053858029708,0.89203393665316,0.9229694576589332,1.08333257828507,1.1027469619070018,0.9904880013626852,0.9527343453315408,0.6128032842929922,0.6053759520709256,0.7629328667302211,0.8074003632266695,0.7882725459660591,1.0334388405182473,0.985574460453046,1.0525793290805492,1.1259958763637936,1.0395395849247997,0.8594238543931247,1.090448976257946,1.0810234772307297,0.7201789201086299,1.024303806714414,1.0319046382980996,0.3851243607901616,0.3663474411148471,0.6400095437394953,0.010201012773634057,0.4012792957309141,0.18388946920133087,0.16751424855425334,0.27712783119165785,0.3258119470047252,0.13268376435171358,0.2863866538658595,0.7031555136442709,-0.07425808657572652,0.4697579342166538
PHF1,0.8597334654148394,1.0939194426172083,1.013537261860698,1.1534250297297517,0.9904057797971452,0.6385493176834185,1.1313556919398575,0.9954634639129338,1.242550259747544,0.9201308047801948,1.014554512428269,0.5928801748505208,0.8819599311760502,0.9407951736317308,1.0558097877031862,0.840195520461597,0.7301804327503092,0.8782255910784542,0.8106972946250917,1.0827358082429583,1.1543882037877111,0.8485630950901157,0.7773178038346931,0.9853909487644454,0.7028503688557155,1.0160880406158874,0.973818575707904,0.4547483630765381,0.5362896176994081,0.30815612832735084,0.2936748471783943,0.33808594592923136,0.4477449449262938,0.1073486216038777,0.08448344084236581,0.2661162335073364,0.3376880244434215,-0.1415482068354148,0.5970185583029384,0.2932065241989399,0.07298350990247471
CHPF2,0.9862268444813118,1.0648557322099703,1.0883417689024393,1.1585715203525675,1.011753389323684,0.7157485092313234,0.6449088194004631,1.0928734552260035,0.989046551661759,0.851892127919978,1.0040384680502994,0.7317810879212798,0.7786127226136621,0.9203494413134932,0.9565133042828068,0.6390872320873253,0.9454739158350742,0.9756740956212476,1.0540871789544632,1.1148591094826998,1.0629322474792682,0.9269127099347091,0.819451467668689,0.8587826065561917,0.5475996653050093,1.0135791080109406,0.9356746627512901,0.022299045059241518,0.15123295695706496,0.4275147182761616,0.18815365749148014,0.10926511139529003,0.255028073188313,0.18987681658518385,-0.03009137136890772,0.22500302548177187,0.25459151244484657,0.13633659556985478,0.9046894441086272,0.2670189679786801,0.3347650317696118
HIST2H2BA,1.0028928884141604,0.9591131234258248,0.8809633373477228,1.0831255807606055,0.71448392774103,0.7835879493886317,0.6899509333736125,1.305500631660154,0.9183970464322684,0.5242445593592318,1.1120900742775846,0.6288416362278348,0.6500546416605013,0.7947588153246861,0.8925285091921362,1.1189762938216437,1.0887983068540426,0.9680308522087702,0.7100153804387559,1.2038819238677207,1.023265276430969,1.164964146028467,1.041237996388828,0.90953847890181,0.6114660124030762,0.5113262044890592,1.0408573844233808,-0.05352005261269166,0.34872482953650064,0.19801020997535035,-0.04948626781450094,0.13103014138778135,0.0677236661898647,0.2572732672633976,0.20212765941050806,-0.002564535436577975,0.2362633346971894,0.2092951818971981,0.34240802041332985,0.26383600752869873,0.3911015179858156
ELF1,1.0619296198563692,0.9593177823762784,0.9346840079137828,1.0229613839388572,0.8104842830912931,0.853665258247984,0.9559704959458633,0.883880762847528,0.9602310011998249,1.0912907440035369,0.8484917228223695,0.3096739815628409,0.5945107052900666,0.9356338561321343,1.0902278330999056,0.6170166375509102,1.0742149625564177,0.9530494689589591,0.9797508272430868,1.004173027186945,1.0179309903159577,1.1117064533547782,1.105136412774791,0.8342639747139169,0.5289638280836844,0.8692914962336218,0.7625469443434484,0.2408075345722507,-0.3026600430269541,-0.2576829019857509,-0.16343032095186505,0.3158490799086563,0.14708004373940087,0.2794916300386021,-0.09801776831003296,-0.18841154144548256,-0.27345527225487604,0.08574448115999389,0.7358138830247193,-0.2511781049314743,0.13796610279915456
PINX1,0.914914190977187,1.093913250782229,0.9884787701629718,1.2378734771516493,0.8620267874139653,0.8320360801723536,0.8516010796405511,1.054265363682723,1.019771294239086,0.684860417557565,1.0591126760991991,0.5961623309115436,0.6268965020934343,0.8806423755790598,0.9998934480437848,0.7910588964582623,1.024412659292739,0.9694304509554644,0.8494585627208586,1.142500219750195,1.128592129296317,0.9066011045385388,0.9774189136184016,1.036853450280404,0.6171043391399658,0.7956597967808032,0.9225505500843294,0.2669234620246075,0.3908971309808147,0.2644847070361036,-0.07786715053592297,0.10762831046620658,0.30773546508259275,0.18190857183658227,-0.05042753320799132,0.12025813818279694,0.4665885243548158,0.1323613204437224,0.8023518781701342,0.2114463156702251,0.2349360920806696
VPS36,0.7587130920072402,0.7456141601398976,0.9938209775059371,1.084065850258015,0.8786409606612127,0.7385439683517879,1.037984369878413,0.9434958247425024,0.8916477516297014,0.9004504518680907,1.1115141049229198,0.5420126221330914,0.6618107148731864,0.7504976277791515,0.8999936406512381,0.6751756873639803,1.117481201443061,1.0141503744150286,1.0611110866111586,0.95331661702527,1.0048084552544732,0.7833958219473907,0.999719941671292,0.927075927239004,0.7465063695478138,0.9729406818424308,0.8939713893676995,0.4806266682297782,0.2505475993938786,0.2385614959880469,0.12673034660096238,0.2690218496140755,0.16444582269237706,-0.059996429324203675,0.17079446039932036,0.1309772633826416,0.5120707232830073,0.2196719628434387,0.7327222208551918,0.3378867894342141,0.3303351290056158
CPA1,1.0462484990562877,1.0339937911793409,1.0361113460220008,1.0396410047591047,0.7044024496265249,0.8389426395633026,0.7646897441276628,1.1721308046572159,0.9700943472951318,0.8714107152024639,0.953171793913154,0.3852511833912109,0.5539098344216344,0.9979874255561272,1.1026786605049708,0.7342772051479143,0.9868123495049104,0.7103074751411813,0.9990376005641992,1.0925367060108837,1.1637542454190886,0.90591604517531,0.9537053082704094,1.1121211804090625,0.5407096648299752,1.0563262778972655,0.9503423600592572,-0.014918300568066643,0.15642381300211872,0.18488851497574327,0.136016293298451,0.17075984966869706,0.3332421026403032,0.1725460187521981,0.04548084907454975,0.08946565529615969,0.489047523470203,0.27152546742670713,0.4522211084582746,0.3619121983259683,0.3816023764176609
ZNF662,1.028064082005484,1.0925425350739528,1.18306047867097,1.076515116593068,1.1322904543717085,0.7145348438941788,0.9023377458986296,1.1529614610978915,1.1713125974884602,1.0683173833856012,0.9582105440318835,0.7169304870112958,0.5144697778897203,0.9714359287015132,1.0657164332341966,0.931651986035547,1.1200237489937768,1.5086352964805931,1.0315400781711896,1.188392187515803,1.1290237446545317,0.8438428576296024,0.7685565472314069,0.9469964194694224,0.7554571590012653,0.8009060716522163,1.0506376867303937,0.1061214690433424,0.15982222489528053,0.4919272291249184,0.4029175669577032,0.405656776697356,0.21167043758144574,0.16209669936804638,0.12941838296527053,0.28204923858998066,0.5131419001269393,0.2036584328254536,0.6079737881360605,0.3284367533577528,0.2414066984092991
C21orf2,1.0960175472555742,1.0853375227046438,0.9499031195114582,1.4126584899820172,0.7029921376390245,0.8444452055899009,0.808474725998251,1.2642271958085243,1.1057825086864363,0.5597823340831312,0.7420728617328094,0.7403418550286103,0.715600775288139,1.0963650983092437,1.2119734853886703,1.0913159069700709,1.012903496553213,0.6733977858123288,0.8202256633225635,0.9721293046433076,1.1391942280024965,0.93616936968314,1.0246337663998195,1.1651618592770343,0.8750235824265615,0.9465748120302612,1.1767702331837009,0.1745869460203694,0.27568402214594423,0.2657594149944339,0.3074081786395141,0.26224826360332704,0.2295472524492007,0.2416172703221795,0.1919343410578064,0.2504370109869334,0.1500095189605095,0.2484088565675523,0.7337710733664855,0.259001571569806,0.372524863219845
TNRC18,1.0158366962103988,0.7049914181958767,0.8479932947274521,1.147667433017855,0.8510187784962424,0.5708465550306441,0.9210252777617692,1.1935903396803882,0.6866732839232697,0.906915495194096,0.9643417907599384,0.7793811809579969,0.6512785661153391,0.7523294993794147,1.1262602303960172,0.6359069230201966,0.9103656086578013,1.0985694948046607,0.8691619025485053,0.8012578402709183,0.8254091781013688,0.9163845797086764,1.1298951386824578,1.035498771635436,0.5043500740540532,1.0639309038166074,0.9551039765826824,-0.10503190399290574,0.2588968541510379,0.27183315848345035,0.17464586401456916,0.3322683392886843,0.2108116559445108,0.31615588648833004,0.026019697506971973,0.21376355222874288,0.5448461432723342,-0.023617537505533196,0.4386354915337414,-0.0029678696055963627,0.2653877227571781
C17orf70,0.8484510330038573,0.8707280307499333,1.0934773653805965,0.874996358881475,1.0350630969466534,0.9011527873763316,0.8491605372265315,0.8762636932866621,0.9392262201645554,0.9342246316353744,1.0815518332295495,0.5728350720855778,0.602179701087283,0.8881448264326461,1.0725907468433724,0.4843700544977636,1.1056891898966068,0.8977923376806339,1.113473228878746,1.0504686041637352,1.05652466906316,0.6858819778423598,0.9540604962799132,0.8505104429521099,0.5834556389673907,0.900289984759652,0.780562856138979,0.30379402175698544,-0.13217916583886558,0.28178741124448625,0.21090873127182766,-0.2511495486125748,0.05868985575856622,0.11951919995113602,0.29251017705563576,0.4093844665567874,0.4890739125036646,0.20337037580855788,0.4849615900225346,0.052277718960306314,0.2181310145496651
PLD6,0.8613925002287748,0.7339718481511381,0.8961344752128101,1.0621218991325336,0.5660610761527174,0.6432940089646721,0.7068331414422921,1.157857634186123,0.8042281695613651,0.8334502576902483,0.6632446918050703,0.7804834331100667,0.6374056242840638,0.726545879972539,0.8241198927496911,0.908036323264496,0.8176781296203397,0.8290278626443991,0.8196179021735426,0.863696138063343,0.8491086778597299,0.8317812783962095,1.2243342207580965,1.1445727611529524,0.6893246516188336,0.9351560786566036,0.9387210319051622,0.10626675630339476,-0.043542139087489495,0.4292418343942668,0.08781364862565111,0.16463639071532654,0.2468387799162941,0.11260449776087444,0.008127573147086231,0.1513077190834733,0.5638012369168317,0.32280660705091035,0.4315366282810236,0.34772548285920596,0.34117338095240424
WNT4,1.0932633375832324,0.7571266344479892,0.9263402847940196,1.1699813790812836,0.8476454458101271,0.8658962437877937,1.1738184605869768,1.1267362982293956,0.8004492718094465,0.8974603135693973,0.992241158925145,0.5404634111829161,0.8200092379647721,0.7734381622831541,1.213744337271263,0.6774139109514095,0.8870559469792112,1.1491454832523988,0.936194250348552,0.9554693660977648,0.930397526713974,1.1438702109886103,1.0638183117888922,1.0096942328043843,0.6326741696247811,1.1054901034466609,0.7199538351517765,-0.13265561122416458,0.013185294883200084,0.2783921024764937,0.12260323375461145,0.11971863196321265,0.3148257918105446,0.23656269597669646,0.032599797907674866,0.16636226050862168,0.5064371902749407,-0.03010910761993468,0.8184824111957409,0.17253532978640962,0.015678182690783027
C9orf3,0.7059440432898412,0.9562307101368082,0.8380813694486986,0.8759097475478534,0.961489574846984,0.870268602489408,0.967685605623068,0.9210790667590674,0.8399414143351742,0.8801688912260413,0.9244570349274076,0.7907786169807309,0.944101611127238,0.8588318556661481,0.8651649667691359,0.6087297645832943,1.0259972598376477,0.8620024657061838,1.0192529077539465,0.843186163594269,0.8974664977725593,0.6684597175041289,0.8970761084472065,0.843666137809318,0.6003983698416278,0.8771782232489271,0.8647834587043985,0.24199046396770685,0.19705939422606988,0.6425202582361376,0.181756596042336,0.4741836860885766,0.3710212796196721,0.21586604279383612,0.08673174114860194,0.5663510919144423,0.408242642862787,0.19207391788617126,0.6823083057973771,0.2270579757374982,0.4378118347305042
SULF2,1.0363839501866758,1.1876500686104627,1.2123179539885371,1.162125050311646,0.96145906266117,0.2658367069293133,1.0707762245087256,0.8239538262657861,1.0171335021845938,1.10136259868744,1.03480120737444,0.4961773404762708,0.6359866056607671,0.958841431273416,0.9358372551966816,0.8332602209582081,0.8095632682317467,0.8649283815556009,0.7540128442814223,1.1671353744959467,1.1545091161725392,0.7785275395416147,0.6537873543773097,0.6187574689535671,0.6051974826504761,0.9400537846820566,0.7282342355176131,0.1121690578175638,-0.11046930584456982,0.4881505394173973,-0.03972198505733493,0.017330880433755302,0.13663386175524472,0.1769721838941789,0.08223093822267802,0.1965400357385232,0.12581362179119715,-0.1319335030997919,0.31592141770967275,0.01035084683671239,-0.20930639151651387
CSNK1G2,1.0797975950083845,0.9516197499449616,1.2493489447958048,1.460461265655309,0.7975723347098538,0.6214087614983863,0.9537572762118196,1.2531135236848674,1.0196142312047465,0.9412919805627156,1.037853304545007,0.5335603502097532,0.5616901589906225,0.8817797119725551,1.0961282430281325,0.8833593272922884,0.8735567500764536,0.6373638677853837,0.8307049485725506,0.9741273079188022,1.0059241673421755,1.0130284591767933,0.9340883463138132,1.184025736217301,0.7583560805602056,1.192748164386357,1.1047363573435791,-0.04045623362166273,0.2988323443126504,0.5558101050405768,0.27438438339766513,0.09143970590671158,0.3370636187111926,0.06955412219061774,0.07515014090728167,0.10625296848017562,0.19976797947706348,0.142939622945482,0.5417069150795504,0.09983343653915132,0.1907994401855735
RARRES1,0.9529513178608822,0.9168472840709184,1.015798363220274,1.2274766698300486,0.762848906194312,0.8382365542156431,0.3972982165948642,1.1269186916806082,0.7960768082810861,0.8980138336245584,0.9862579999085388,0.6354402240036651,0.8678708168746929,0.8948419455025676,0.9108825534973106,0.6158815735133576,1.1096913444771521,0.6484078830192095,1.0874913106519406,0.9143303041085862,0.8680488012307601,1.050079317309415,0.9505820834817538,0.8746092886802663,0.6105380640454281,1.0996913292405703,1.0022102788562322,0.35187400945296976,0.4214343276405481,0.2673510689980079,0.32449280062467656,0.3570459006222766,0.17059415764804275,-0.0192045400279206,0.056555522353945564,0.11417099475548255,0.11454261335883653,0.20259977670536888,0.42677571508932943,0.4002568417924457,0.3790249792036671
MED27,0.9019719989439782,1.010303823821904,1.0666363918242796,1.0113031128940766,0.9765150790603,0.6365835335735139,0.7144992440988149,0.8629968652511506,1.0433030039052094,0.8915237917966896,0.8291199409148494,0.8073556727790332,0.7387064439384957,0.7153604248911581,0.8854658550150171,0.7756681042885496,0.846178637124715,0.7993567128997432,0.8356019737861792,1.1734000502116508,0.8822792358440129,0.6522897457660699,0.7545805548077379,0.9537780948863076,0.6000482333832781,0.7718798382626211,0.7771990923638267,0.6132282199223571,0.0028400284286127513,0.05075371111760108,0.1951352527169934,-0.3888178938985141,0.20914531887409704,0.08513540393824792,-0.15552810449515994,0.30334958426971537,0.3968947669252685,0.009181808111539349,0.566208368300667,0.2143070413567225,-0.09188866711327703
BCKDK,0.7597717559509161,1.03677757344065,1.1706418813632358,1.0987803627998831,0.7547409302042059,0.5811401726564833,0.6942569962320069,1.151979787785303,1.0239337116622915,0.7451041274580001,0.5081377705040655,0.5869362329260086,0.6691590353745793,0.9455531297924048,1.0955272714482016,1.0231099865316342,1.0010735972377551,0.7341655391618058,0.9199663394867656,0.9688307024541396,1.1002305920224815,0.9742356991650958,0.9708968778972268,1.10810254097683,0.7614236405182409,1.1263478097898512,0.605238725402298,0.2170477524978336,0.19811052078987115,0.2579732296058553,0.19833455882207507,0.2489956603530903,0.3968083945653056,0.2253242790862092,0.2884812549525362,-0.04163128941127237,0.10648213297988583,0.3158880111390103,0.5243172861888574,0.048106605936580886,0.20159672994320527
FOXK1,0.9633918130742436,0.8210868306962511,0.9613648534488104,1.1561800878582686,0.9482800552228468,0.6421652819490187,0.8769214376602581,1.1757982772126847,0.8292295534099607,0.7150412816524594,0.8858054977527927,0.8304634380567726,0.7907032460663941,0.74072389133425,0.9480884064818108,0.8326652856008736,0.8753393362119275,0.8564102280760753,0.807722667382428,0.8836922108708261,0.9049463982817456,0.8881974845566352,1.0567336631102564,1.0378360831941458,0.7648737414914151,1.0469123653347598,1.0399874034417098,-0.07719338559317103,0.6411557109015065,0.6148184637927656,0.19930551806761665,0.5638017142096201,0.3379039645049122,0.06356935248920736,-0.028309045005670438,0.09747621356958502,0.441507567886752,0.14589506462611054,0.3136915883671221,0.4200824763417308,0.2555832293053486
GRHPR,0.6703679396404859,0.9040032416026956,1.1078969600742399,1.1664789675740048,0.8860344587087885,0.7908704337851584,0.6999302107853291,1.0474283414829657,0.9499485819051758,1.0382417766432521,1.0150956690521071,0.5221287375070782,0.715072142210277,0.9413280514790532,1.0923752032102079,0.7757767787610089,1.0823574668985512,0.5880998440665746,1.0376890246256474,0.9746076054853552,0.8910585249907945,0.6996972579941763,1.0255455940947191,1.1022790174332096,0.7725402164619954,1.037515587185743,0.9703717983190276,0.2804851724875985,0.2890564047901549,0.21325811321527374,0.2504646586812105,0.2737366936035377,0.16834905523045518,-0.062300517372337876,0.08435194930203171,0.2160440957735044,0.3318607138724501,0.28518918411246075,0.6943431752580373,0.3809345692912054,0.46451021457774
PAPSS1,1.0432441485319606,0.8426634652154164,1.2218636458333585,1.1467248634447396,0.9793689741689882,0.8056566942377579,1.1257189140052226,0.9934812428240508,0.9335712014165248,0.8214441584989354,1.1125506782331651,0.6926104614077686,0.7762879189285741,0.8608460841131933,0.9921353383577244,1.0046966262596984,0.9689212872367544,1.0779565981066517,1.1419233504789146,1.0415129344627152,1.0081215463837443,1.1002251549934066,0.8757728125104549,0.999202432819346,0.8556870272174777,0.8009667310811208,0.8518290600175851,0.5231628914304598,0.3344103848244955,0.647087422683176,0.14812366483038095,0.3000291748578752,0.4077599862124561,0.2610008680368385,0.1049680150693586,0.26441604581947153,0.4595390694759658,0.14671151244244074,0.9072566501405896,0.20993882110138973,0.07860475208635398
KLHDC5,0.8673333681654345,0.850882252797506,1.1001559607282203,1.0808540413892862,0.8798014608928648,0.7257501900378784,0.880175399650728,1.0215817370479927,0.8022981364957715,1.021381354053295,1.0771841856148177,0.8328800854514995,0.7586934828628094,0.7985987160171684,1.028201493301773,0.8480987906525872,0.9586111072171368,1.1294983820883342,0.5318752627121661,0.8724995264658792,1.0020000480088118,0.8282395218912431,1.08011218631329,1.0789870850725718,0.8141021183691928,1.023676998579976,1.0056244617380337,0.19015272494926627,0.14267454758001374,0.5488399279408203,0.25804533052418765,-0.02561322330533189,0.21057919803439784,0.16142897239791676,-0.11151237618242993,0.12187139826441262,0.7063874988071088,0.4182082827174396,0.5869220043401473,0.2373144504853641,0.4801507178378
MIR671,1.0135538422652868,1.0663425603730283,1.1150425679297218,1.1414818690907051,1.0107461999563512,0.703072453288959,0.6124467014297039,1.0869617280918118,0.9958509623388504,0.951568982344702,1.000940975280483,0.7715520646444416,0.8268965590214572,0.9361967884611966,0.9158556080733522,0.6234783283840701,0.9479261159453594,0.940004874571824,1.0663706226398943,1.1457564186382982,1.061242045181861,0.9371109678297042,0.7856206416195022,0.8317163667443412,0.5439218163433046,1.0084715943295572,0.9238394354601684,-0.01886501502932036,0.13774117198463065,0.4742085993218632,0.2305276763891673,0.07947358376270408,0.2457349939121145,0.14689182107621154,-0.025344098267496395,0.26409774186618584,0.2409774826905249,0.14075068879384256,0.9218813849291934,0.2421166011633069,0.32590184143303835
TCTN1,1.0046359040034072,0.9882880557463488,1.1394150323022725,1.249254678616655,0.9003445554865332,0.5594666364775596,0.9618863472171472,1.1405986778039123,1.0220472191958463,0.8742350331211188,1.0587033015619207,0.6278832252747617,0.468068407352118,0.9440234715897629,1.0393827344300537,0.9919475092854929,0.7273023209207619,0.9647055225868172,0.7936969296355234,1.0735769378107776,1.0440509104902995,1.1018969683598798,0.8365731436169508,1.1071002791679951,0.6516701591763671,1.1494922156384881,0.9875686040060252,0.09803698218492407,0.23727308324160856,0.4776039773115577,0.3544394109889697,0.23412284993469726,0.2824479147598831,0.22563260674969546,0.09119619792010614,0.07951101888872225,0.45804823595030003,0.041875691763080924,0.6941314169761847,0.2423442300199834,0.13504096692340115
DIP2C,0.9673531321050884,0.8522417435911973,0.9763686906900751,1.012950947183854,0.9367670440577976,0.723952514973754,0.9054426139843051,1.0143029521766138,0.8460280443803109,0.823044222539389,0.99866099091116,0.5582411559438776,0.26487685235832537,0.9125096019493776,0.9540490347259468,0.8055712677419113,0.8970922734200744,0.42863306486851616,1.0198948343052283,0.9582744448823072,0.9078404500765219,0.9514423480570272,1.0327225735050134,1.0394844397207468,0.7672187790299865,0.9878699393882102,0.8709059883910504,-0.1274849919081522,0.16824479434274808,0.3299543238084521,0.3176915859169247,0.2346592777341581,0.1521272640059108,-0.04903029907343925,0.2151483200798907,0.2747627970369002,0.1334119902238411,0.2648408164275844,0.6013880016602831,0.2939494313144995,0.27309830528705925
PLCE1,0.9259027745788428,0.8924808497835557,1.1535973217626823,0.9453360580493564,1.1394700953200494,0.6549813418877459,0.9475980831003072,0.8653788269346059,1.0108537565197981,0.8476414771679665,1.2218466188783779,0.8076237915408095,1.1042624279763344,0.8512021249363497,0.9678087281330091,0.6207225356765588,0.9343274980656388,1.0234901695896297,0.9956905637134992,1.1240030031474295,1.0884328039417996,0.5859150288980106,0.7277900628551919,0.6987368737560559,0.7650462184721447,0.8498314876727655,0.7530855491587666,0.3763506873831792,0.05422287411213711,0.8035348821738448,0.35702740324573146,0.08037446381700364,0.1220331504439689,-0.022339180569488803,0.016100457053085382,0.11005703158611936,0.11086266874295347,-0.013370390599311222,0.5596365883954798,0.21629091604570827,-0.06867476645595416
WDR27,1.0082254136098925,0.9283343696659544,1.142481330115313,1.102771339296623,0.8597333764136366,0.7568483842463434,0.9966517426919684,1.0509699302409523,0.8830428872402671,1.071261412966397,0.9401667387358409,0.6234303408599655,0.8351240565548244,0.775939746236971,1.04331113108536,0.8957324352614333,0.9631568257927484,0.492560316313611,0.8790837875713589,1.0498028049285022,0.9424894058613996,1.0618506972891693,0.8082766642171615,1.0590187072077124,0.6805875387930378,0.3560968656457848,0.8857428956322564,0.007609043029167317,0.21428078523674232,0.4928632423721502,0.08407663639496388,0.12566877034909885,0.297834321063418,0.18117760122434712,-0.0667500024413239,-0.31892769731997106,0.35562650536948937,-0.06874762955505398,0.6193947198923757,0.2114389667316008,-0.04101708314637609
HIP1R,1.1313848814231215,0.7402950044349206,1.102783363003314,1.2939949091093352,0.6823129307614948,0.7528262633701808,0.7958110905565741,0.9361823464161194,0.8313885058538137,0.6453669514307319,1.0214711309954734,0.5373149625469613,0.5079808660263563,0.7419903544718451,1.0898066776843014,0.7995860594729767,0.942948785276914,1.085399660015938,0.7379458199124755,0.864806771220145,1.0036619500068815,1.1644868599347544,1.0291061119327791,0.9713290341377914,0.5062863034255842,0.8867675780848838,0.8919286971088879,0.19086011644265288,0.25744519256386256,0.2132424641278441,0.15379155955077484,0.22186331512842328,0.30037253691110344,0.2895935858944856,0.0320675792250914,0.046612574881714115,0.3956265884825414,0.14995753292291414,0.4987004060084685,0.21523940221128116,0.2326944994098419
TSC2,1.0028577309342164,0.9868441138366316,1.0928495025027092,1.2733800454316422,0.9350131089130111,0.5193796771452144,0.7845810313476407,1.094477421448743,0.8251557318569751,1.0649017769008169,1.0659244286857614,0.5819731011637264,0.5284067592189863,0.7902587306373885,0.9737985651753528,0.6967483234506964,0.8892149567672423,0.9352406291163282,0.9349615799471032,0.9871857905182684,0.8880722028540653,0.8338272640659814,0.9028986718524594,1.2049361018992597,0.6576620173027834,1.0040948224926711,0.9359009926332726,0.10963243879076234,0.4198193729842537,0.3732855457559823,0.2308230173332864,-0.07382098563514061,0.21879576031368275,0.4135582072497632,0.050545759090624635,0.04801925425448594,0.2822663658826148,0.2391944924100429,0.6005647520633577,0.07540729601128504,0.3437067301947687
SHC1,0.9705683563743936,0.9039535849010178,1.145816130780828,1.1298979746945843,0.8586689842329873,0.7059013991205951,0.9719016652452824,1.0012308975248538,0.7745533462025205,0.9711732542231816,1.0329852634573542,0.6670905514114884,0.3994675913848478,0.7656718781151071,1.010319012652232,0.8674776112181903,0.9473751952049136,1.0510866732321245,1.046134270032947,0.8102213378765937,1.1068219926895302,1.0128340100562587,0.8405996403782119,1.0240452057877296,0.3675647721190383,0.9332705450383688,0.9167094870500097,0.0705413222128386,0.4157511406088088,0.3160387974431553,-0.02172381000294088,0.3367545693863798,0.2956417053221005,0.36140376084895065,0.07185681668373077,0.012518633795813194,0.3187687552738132,0.20879413008319855,0.6104506563097889,0.109054471504217,0.1624517499308995
TUBA1C,0.837179092960227,0.8076553417479689,1.0877005819689896,0.7799013903500545,0.8787442565279098,0.8572221872995671,0.753535364529597,0.7272987650236944,0.8176315692124831,0.9220137894254998,1.019729837111793,0.5305781963604882,0.7112831552565053,0.8946640006440569,0.9717501291372512,0.3539912077339709,1.0449468072987578,1.0070583040847954,1.0470130681804068,0.9622739811779046,1.0524657793422856,0.8223785841628175,0.9954963224598884,0.8883738100239851,0.6626078961259543,0.8376823491999561,0.7482961094351904,0.07532753962128402,-0.1687045980054609,0.04589458153230064,0.3448294027832519,-0.039885962029836415,0.181572402278088,0.2278405164134776,0.42169510688800027,0.5476029317275005,0.14765819895119847,0.18625193723781666,0.5047313616902218,0.35737289291235863,0.0627738019613342
SPG7,1.0629724637493485,0.9625348543119694,0.9987519087109992,1.2924070271043189,0.8203435693143684,0.5731101767908191,0.848690262883967,1.157388729175307,0.9407138044264224,1.1033593161628883,1.0299552819680715,0.2718938375972577,0.4580940565598892,0.899943362787365,1.0285116477409462,0.7025946699561505,0.9626315339644989,1.0382291227823492,0.8806250193493694,1.0172085865889555,0.96840550542459,0.9281356918064408,1.0452779071631757,1.0881231314959816,0.6587916582008106,1.054172344333287,0.9465737204215744,0.1855962681900687,0.08793206709566359,0.392697948354142,0.06628598748967818,0.0017634025127959418,0.1737576852151843,0.20995773336319656,-0.19995457930559413,0.154898755139095,0.03698766438644707,0.26153655077275184,0.5758065855801044,-0.047658223449704266,0.3974600585769497
EFNB1,0.9403062130490918,0.9739339446706315,0.9503719377649338,1.1998022417122312,0.6004071843256278,0.7625504510335102,1.0116672116059005,1.0958605663028278,0.8731232004291951,0.769939595947112,1.0663179037172803,0.39837555163693583,0.6742204522806969,0.9230494569881268,0.9324021365876662,0.8215285329092707,1.0567843022225598,1.2573022490099386,0.9539277488586886,1.3440657588648817,0.8538480600579609,0.8255526124376118,0.8554526162324194,1.0922122476337086,0.6327913849119629,1.0249637429250584,0.9388670243987356,0.3137933376630357,0.27794747086052896,0.3553738554870112,0.2414147557772215,0.3714337436260076,0.4322316869180036,0.3714996450403168,0.1261654619189887,0.10831313717592296,0.4345857181831332,0.20645385082399506,0.287589134301693,0.1250136198080387,0.3813369660966308
NR4A1,0.914956584137462,0.7810274271402166,1.1821855513966772,0.9657034273700869,0.9038057078785544,0.645477273833682,0.879415167230697,0.8990106092149318,0.9241343912881614,1.055752356432576,1.0608437276779306,0.7388925502844805,0.7157304115607019,0.7099630605414221,0.9961566616153366,0.7398416854073032,0.8279065181758065,1.0711520206573109,0.8376368803343194,0.8739909875471185,1.0691578271811677,1.000544950124132,0.5476427530393149,0.7685365485228555,0.942634554723607,0.8522686272844303,0.8135333122319964,0.4812009030038424,0.3746683240689261,0.6671346667006448,0.17811604475671405,0.27342945859549816,0.4445620818257283,0.3584543752462371,0.07120017147278546,0.5055917093670197,0.42423871272252,0.17310332524606142,0.07546224520461009,0.007785881792700122,0.21480070182751754
PTGDS,0.9457530107979624,1.0314299729959884,1.117330574258105,1.1122618024772557,1.0492785002062917,0.8958621022399259,1.0483310768922602,1.1542546008228558,0.9490136531388664,0.9513272525042828,1.2206027581958825,0.6881113005016228,0.5775331934649981,0.9258898303181188,0.7781826942413264,0.7300751931178517,0.9482868261805706,1.1574441198559628,1.0450696738742675,1.0189746463448843,1.0112355176439969,1.0443379025148951,0.7942185279491509,1.031312068047233,0.5969806639158426,0.5987203324178019,0.8470992778044981,-0.015836392657124332,0.21162925752871686,0.22705274618010265,0.08780167696033914,0.3774857686044117,0.3298517889686803,0.30964288075200264,0.011233822900029278,0.3447165602983828,0.7856251588776035,0.07604122882980313,0.5458707703230927,0.17451848473867893,0.1856540366408108
NNAT,0.9362152707935004,0.7921574300120815,0.8966464554759948,0.980102779945915,0.8057611208808679,0.6150668385953111,0.9413194295035224,0.9658020230749216,0.7740352716440677,0.9433942717715462,0.7822174245895369,0.9608388352547323,0.8188725819022844,0.7245420277979213,0.9766887142244868,0.792349025807102,0.8781874467773045,0.9541929534705541,0.7816667813900273,0.8645311838915926,0.7824658760473073,0.9438479488065026,0.9517018187129428,0.9614868340411418,0.8016071526989951,0.9471148128805376,0.9103751509183606,0.2385912263615455,0.18128383368841394,0.73138924093581,0.3183254520330849,0.4473254988997719,0.27527948457383866,0.2600199698830488,0.2255646594119063,0.26250837868422616,0.6017092626502092,0.24284177128562326,0.7224893826037104,0.5457442088092623,0.5008200573675312
BLCAP,0.9362152707935004,0.7921574300120815,0.8966464554759948,0.980102779945915,0.8057611208808679,0.6150668385953111,0.9413194295035224,0.9658020230749216,0.7740352716440677,0.9433942717715462,0.7822174245895369,0.9608388352547323,0.8188725819022844,0.7245420277979213,0.9766887142244868,0.792349025807102,0.8781874467773045,0.9541929534705541,0.7816667813900273,0.8645311838915926,0.7824658760473073,0.9438479488065026,0.9517018187129428,0.9614868340411418,0.8016071526989951,0.9471148128805376,0.9103751509183606,0.2385912263615455,0.18128383368841394,0.73138924093581,0.3183254520330849,0.4473254988997719,0.27527948457383866,0.2600199698830488,0.2255646594119063,0.26250837868422616,0.6017092626502092,0.24284177128562326,0.7224893826037104,0.5457442088092623,0.5008200573675312
HIVEP3,0.9235522122189646,0.8029486197678961,0.9917739827733976,0.7074793428241155,0.9956897538240764,0.6937434024694455,0.8505662801690432,0.8757688661544782,0.8474038798333552,1.0016440573976717,1.125412046397239,0.40954817391816745,0.7117743943089445,0.7944371675830043,1.058938958265519,0.6604765159688539,1.1548186565633067,1.1639122044039785,0.9878075079173112,1.0097031677595192,1.017405754513265,0.9842638309346624,0.5235734466708231,0.9258642258970315,0.6315789400696721,0.8679069816183886,0.9362469279712516,0.3174716602685006,0.0016771813992042528,0.3662243672741625,0.3712057167235221,0.26569069842807136,0.3239290094705476,0.34262993032952416,0.2980556959805105,0.3909183182352738,0.24274023973636386,0.21525837796296776,0.4016595401304064,-0.05137536800203346,0.3145935206371442
MAFK,0.8607582596599163,0.8919909101202301,0.9437173807752359,0.8042671340251119,0.9165338743145124,0.8693209520939078,0.8267304692751385,0.8686414153874518,0.8741461162097979,0.8841846710587411,0.9447202018723724,0.9362233179009172,0.9585098136083706,0.9249045425974632,0.9469070147894856,0.6001878560803198,0.9622684882771906,0.8755795840131889,0.9611676041632896,0.9307416487665824,0.5744114736559478,0.8055509977665537,0.9391061514870348,0.8571544119468977,0.7156181413922404,0.8798431723910876,0.7829369629207455,0.2240110919721593,0.01679265100200067,0.7115412268838756,0.2823740008534362,0.21517752242872532,0.17597499072540013,0.0647092626284359,0.09510421186993312,0.5533871603110674,0.13427285845704728,0.17834975138859654,0.8765748128060914,0.1066468072830985,0.2225224398366528
INE1,1.0756225255173315,0.9962664449239634,1.129245760869885,0.995188400405125,0.8841546456841716,0.6401894189917074,0.6804193855243114,0.7704529441910122,1.0026216864376951,0.7763960525475821,0.9864009247566004,0.4530499960965636,0.6873551074578611,1.0312317875669823,0.6333013425098526,0.7231624511111128,0.7066325895621461,1.061391821709604,0.7784142344722974,1.3128740448462974,1.0456172729184805,0.9307488534269391,0.4624791633354863,0.6985623764843469,0.6779272637037076,0.9495910413905992,0.7705681535401803,0.3451734142927905,0.019190512961644316,0.4258795155250896,-0.17738403285388404,0.14126477762815126,0.2395341834915297,0.1335376118025562,0.2778437736238701,0.17748657053691086,0.3266737441874268,0.13412987123682066,0.26203276282735244,0.12968627112387487,0.11390967093135895
UBA1,1.0756225255173315,0.9962664449239634,1.129245760869885,0.995188400405125,0.8841546456841716,0.6401894189917074,0.6804193855243114,0.7704529441910122,1.0026216864376951,0.7763960525475821,0.9864009247566004,0.4530499960965636,0.6873551074578611,1.0312317875669823,0.6333013425098526,0.7231624511111128,0.7066325895621461,1.061391821709604,0.7784142344722974,1.3128740448462974,1.0456172729184805,0.9307488534269391,0.4624791633354863,0.6985623764843469,0.6779272637037076,0.9495910413905992,0.7705681535401803,0.3451734142927905,0.019190512961644316,0.4258795155250896,-0.17738403285388404,0.14126477762815126,0.2395341834915297,0.1335376118025562,0.2778437736238701,0.17748657053691086,0.3266737441874268,0.13412987123682066,0.26203276282735244,0.12968627112387487,0.11390967093135895
TRIO,1.1245522427146608,0.9430543894664472,1.0558594829204508,1.2442971841391852,0.9234256974961328,0.483262543245679,1.0986240931844935,1.0772972374740508,0.9376848691150328,0.8658107239620323,0.9993079284750976,0.5697160552229144,0.4447225740031473,0.7653928296544343,0.9909671256641102,0.9678570165556991,0.8073706630348405,0.6746529765720402,0.8439765564527097,0.9673835793125471,1.0410700131969979,1.110046270761171,0.8127200199602265,1.0164000614510154,0.6999746102472679,1.0590957127980398,1.0066877424015623,0.12460398968800268,0.2398460348118223,0.4660748356303861,0.13131034518511253,0.1832670581070701,0.1997921955430635,0.3288828849318413,0.15827449154462947,-0.0526022799642849,0.5275482823693185,0.18643392579912052,0.5340284042263876,0.20748131642480686,0.31814142461788864
ZMIZ2,0.8772887934136049,0.9918480618862056,1.1418902709782812,1.2452619475310611,0.919887282877025,0.5427527713225817,0.4389788423049019,1.1902234852699496,0.9036701591182551,0.6427058025406531,1.0531723637630246,0.5621882321692764,0.5159361573470159,0.9370316990935956,1.0813063397210398,0.7791771365289306,0.9692794786579072,0.5531917801455415,0.9169343920804128,1.0515780110308404,0.9566108017382552,1.0378577819486088,0.974274292931634,1.0876265022417415,0.7142308035189289,1.0659605021610412,1.0146697029016858,0.11734961149235668,0.291247896720771,0.31850519275451483,0.3514153914249254,0.2050626212454576,0.05633854537095551,0.11615052515398627,0.15563391704282847,0.16197132575401607,0.08947079428304637,0.1458262921872464,0.4298081722845559,0.3214190020038588,0.32317959599156554
CARTPT,0.7636448487800462,0.8434548922408378,0.8748350810142842,1.0406592416624152,0.8951734707433845,0.7915339754170145,0.6796660550253901,1.1069590876427426,0.7627315833108066,0.965254816641927,1.1446030512423162,0.4981269514247653,0.6773490069444217,0.8172987110348999,0.8883804537372033,0.6394552668525544,1.041684809740593,1.1288655186845762,0.7090877250239902,1.035867018263755,0.8068532775690533,0.7877873280326075,0.7933950361806557,0.8579822673746742,0.5964533715972267,0.8455447534347584,0.8813628315131454,0.28390294799340143,0.3171045043669853,0.17481613071623148,0.23767364356568346,0.21216126610926267,0.5198955858745962,0.5686223325166058,0.34314967379857003,0.4002094031072594,0.24072162673068956,0.3650509415020613,0.34624767680376434,0.25245014977452085,0.3778405305751715
NPTN,0.8618926608704571,0.7566693779842826,1.1293265348008288,1.0392425959617402,0.7765602570198671,0.7896866738202295,1.1206249800973036,1.0288353420881742,0.7396116084912756,0.9943600740250312,0.8829070613155832,0.9773583055991666,0.8534209438799949,0.7515791143188331,1.0363309293666432,0.6726436657003454,0.853485111769428,1.0468879083155551,0.8096032200115872,0.8046210695174252,0.7242680938869008,0.9314665977649992,1.0514360505393636,0.9586442267661686,0.8279758478935375,0.967498617715436,0.9728692756128968,0.31567536340221825,0.04180836688388112,0.8130274519295559,0.4243769347920048,0.3645024605057587,0.30362852272954305,0.26794028710795104,0.027743543312586997,0.3580425040731217,0.4736201509361164,0.3632856039843135,0.6172710549782563,0.3052443868543766,0.3678819693492725
MOBKL2C,0.8972060414163989,0.9292227568162654,1.0886005650685275,1.2107241298735292,0.8630025798096219,0.9494396060558268,0.8858134690508015,1.07432248712459,0.920489090082952,0.8113640885596658,1.006310883180567,0.30027595700678944,0.38605946107868094,0.8525663566064828,0.919753336369244,0.620861121750969,1.1116317060106833,1.0854377953681769,1.0018572343349423,1.0839851067053543,1.0336755945449916,1.0536703790455806,1.0800915285562915,0.9842996572641148,0.5216286520527191,1.0631118171882368,1.0560472436402466,-0.13903669010715847,0.27603582217481026,-0.04159456457685806,-0.2423277780608881,0.2054990895529527,0.1834527550239815,0.2749993090240679,-0.1013027686943162,-0.012262597284602885,0.13452551166006588,0.27467083801360515,0.6300793911855287,-0.05782263953157241,0.404465124860907
MTRR,0.9537904129596873,1.039361679548268,1.0778797731684318,1.0731449139932658,0.9881762485964436,0.7780312260678341,0.7023248976918114,0.8103041628156046,0.9223234742794822,0.9120815308502922,1.1897514701086356,0.2831709911535618,0.6693730859238545,0.8408922448458649,0.8525321623244486,0.7451849074556133,1.0720964334562209,0.4336782282308369,1.0414844447036176,1.0961149102394323,0.8632150519657441,0.8682071930099349,0.9600585278749654,1.020211066800242,0.480589099280545,1.031924601804771,0.5395235337816757,0.372971660502055,0.1635694539891046,0.2173136631752015,0.15347379693234695,0.2524267564845051,0.0997218085746936,0.14807353398529965,0.22908222158829794,0.31947638480575224,0.09638739001551257,0.20701024531712944,0.2805268317680638,0.10793870083271397,0.2362661916523852
MIR26B,1.1238955216558928,1.0830577101745762,1.1937046305256391,1.2512877638607969,0.941600222506196,0.7009864449001464,0.8505867127816429,1.1217062273474094,0.9547972542730864,0.8894785715522753,1.0197799777130785,0.5185951521735608,0.537737355343308,0.9888523357429152,0.94120206414242,0.8711055903943818,0.9032467592692632,0.8330872848521897,0.8792671667517888,0.9531092920416016,1.1369689700751202,1.0454240634354344,0.7490265646412637,0.945555387948958,0.5380153569447725,1.1841662486894171,0.7086244532460673,-0.06925438576866494,0.5192750918077302,0.2909193980796443,0.2334583262323377,0.15788963768860453,0.3002606332448936,0.30257364269796794,0.1663444930743858,0.3775320405548426,0.3936407396595922,0.1036494106053496,0.5645462460655502,0.2327964612451867,0.1763117710246367
CTDSP1,1.1238955216558928,1.0830577101745762,1.1937046305256391,1.2512877638607969,0.941600222506196,0.7009864449001464,0.8505867127816429,1.1217062273474094,0.9547972542730864,0.8894785715522753,1.0197799777130785,0.5185951521735608,0.537737355343308,0.9888523357429152,0.94120206414242,0.8711055903943818,0.9032467592692632,0.8330872848521897,0.8792671667517888,0.9531092920416016,1.1369689700751202,1.0454240634354344,0.7490265646412637,0.945555387948958,0.5380153569447725,1.1841662486894171,0.7086244532460673,-0.06925438576866494,0.5192750918077302,0.2909193980796443,0.2334583262323377,0.15788963768860453,0.3002606332448936,0.30257364269796794,0.1663444930743858,0.3775320405548426,0.3936407396595922,0.1036494106053496,0.5645462460655502,0.2327964612451867,0.1763117710246367
TTC25,1.1700040135577108,0.909532934067702,0.7673152146483588,1.2822954910663529,0.7111156193579371,0.5721369687601148,0.6197972444111599,0.8686607410246971,0.8954911317176728,0.7919582383205501,0.7767378294588834,0.6704996346915717,0.5457686167688314,0.8865972465533216,0.9960416444608812,0.9995693075493473,0.8777273509373449,0.8586566195615755,0.7301985854033777,0.9239679251155885,0.9707434662225832,0.888180556746037,0.9096912650869736,1.0730267440448793,0.7546751216098502,0.9681362821052456,0.9633554050096976,0.12755953964313171,0.3243244542608632,0.567464764318703,0.5017101319107298,0.3051498481406323,0.4754499727826152,0.4831194313979332,0.07093556924196576,0.20864397325335984,0.23948805528486816,0.2430344302210663,0.20613874471661384,0.2104165609827493,0.25048606373714444
MYH10,1.1175880631837427,1.0180870150832804,1.1792710176003078,1.2930629087039889,0.934259988077406,0.5601660287631756,0.8217573247568546,1.1733674330519157,0.9641822524872876,0.9426768424608184,1.1262320822782963,0.6825582955370639,0.5876029554629487,0.9154544645016128,1.0702853657696392,0.8731488751835355,0.7951821262837031,0.6416827405870316,0.6728199885501653,1.1173194676287377,0.9266077658194308,0.6580052010309716,1.0049466032929182,1.0751189473845306,0.7335136155086976,0.9608254684983196,0.9383099348040816,0.02584987139312833,0.2554577275035581,0.3703247504497516,0.3610317029312551,0.1358317840969434,0.1738557914062535,0.1139861652987304,0.11994507069924487,0.10698606091764697,0.3712767399140913,0.1538275470696342,0.7730402856254881,0.24605522280392436,0.26718820650430963
RILPL1,0.9230481984308004,0.6953373864147161,0.7869824259665195,1.2594977452958296,0.7150536212698846,0.7304555592762171,0.7195900007327976,1.1677334196637954,0.7841588542791627,0.8444067449898562,0.9341242618216868,0.5746942516001026,0.6234643655026599,0.6888499778571973,1.148628701390519,0.8652712837879566,0.8751541355351176,1.016620059019751,0.9168951417393408,0.8253872811798041,0.6968530213164783,0.8607538497613154,1.0784109502623775,1.2243743098131423,0.8177031525644352,1.1906809039275807,1.1551985576799622,0.1192094761136948,0.1700723590414861,0.437659805996061,0.2666463695967285,0.023015426808131068,0.3877424406748085,0.3043274389761388,-0.06526469275691316,0.10816112919439114,0.3222599960904371,0.2538876707917557,0.4982897630049079,0.1658619112507349,0.4473728504995993
CAPZB,1.0941513773495382,0.959169931618176,1.0366833066856291,1.3198039139282238,0.9030469369699838,0.5606200504794572,0.7536191703262094,1.087161072140006,0.9944126429194112,0.7654845627260862,1.096217560980454,0.4016672958162984,0.3783894400342771,0.8439070492955238,0.9288211311350096,0.7955965573246606,0.9304755188606302,0.8204727947300581,0.8909407880475981,1.1430309935710048,1.074756533859607,1.1262312544120192,0.5893644271871374,0.9760008110995706,0.5405405846774489,1.0444751266115069,0.8524406595880512,0.20550487694986,0.15348450358388474,-0.04852625374342734,0.011889689978424434,-0.017871162626412973,0.3912390060565727,0.2957290809315607,-0.06508430681804045,0.0008585793505632155,0.3538139158915505,0.15860638944884764,0.4414592828749075,0.0986275721930574,0.14811093884452264
NKAPL,0.9999326895070726,0.8628482926766365,1.0711262490113704,1.237465335834646,0.7906265212556041,0.6167755125419346,0.4857732217662273,1.0320286705026296,0.8580814205485006,0.8228629879911635,1.0025225053628135,0.3755017479752077,0.4533021079198424,0.717154559103889,0.9115856887931192,0.9948485427198192,0.8957605279650485,1.4048107014039428,0.7149508426843332,0.9991347758828316,0.8999251832938466,1.057008093917813,0.7429506149700433,0.9668746742650378,0.5677524179690006,1.075897469957838,0.9661888845221179,-0.14128682624960534,-0.01598492872658414,0.06633045004109445,0.09437503406352166,0.1282776654570928,0.4344115974054705,0.4867902780185472,0.0527819901489206,-0.11976096964235605,0.004166360945711267,0.14106130056015442,0.20783362445411516,-0.009363380119732813,0.26279096525851786
MUS81,0.8943330942411092,1.1009528489747629,1.0296167832308694,1.2585112431961734,1.0812411813771692,0.9737929428572564,0.5759870583081228,1.1108295166283346,1.0699795358777409,0.8999705459446155,1.0666764229024637,0.4320502171361369,0.5865531371560762,1.0121343380942285,0.9151626875460755,0.5936357007862663,1.123118649965542,0.6495049968430253,0.9822656927969952,1.18880826756864,1.2626103041232053,0.9634726087963106,0.9466511650520849,0.9014516436204564,0.5177464907805787,1.0089704331485851,0.9761272815854842,0.1048071782207156,0.12961840527125326,0.2729004005079165,0.08303579998056687,0.4300113403483583,0.2902090723558639,0.2616510659226741,-0.05196947294992338,0.20235933572237874,0.0093194663286007,0.27471247237666496,0.4231276453319319,0.1402806039491935,0.4975594324967503
ZBTB4,0.8554448139284077,0.8331185765983986,0.8801938425354185,1.242242570883128,0.907327818132068,0.5335439547158569,1.0947921446865436,1.0406706508853416,0.6980424754838829,0.9401350308473568,1.1009759012417155,0.7884089570644615,0.5478964006984075,0.6350922878836842,0.8789900157543902,0.891321576791738,0.7111207043109098,1.231089859397148,0.7977118397841205,0.7855206810528905,0.9711707524711676,0.9901806948995264,0.7765428807616823,0.8937640470981689,0.6484607823947881,1.045296358129764,0.8487255607070443,0.058500131601526124,0.4322230657150827,0.44953531341232106,0.27187946925667816,0.2588689817040315,0.4042890618835715,0.19260401297367746,0.1362326762887236,0.10238625944243653,0.5123753741362926,0.22443181553200287,0.4963827567394135,0.09236206460563244,0.17719041317345807
MAGI2,0.8841997296874808,0.9666313444640128,1.1746038917449415,1.1774241028490915,1.1075252135219873,0.4411104602233842,0.6808473912100794,0.9888430414468604,0.9276853569011678,0.8424214688009601,1.1976966280521977,0.5165919543986004,0.7184029125952598,0.8675409355788806,0.8389090496851569,0.8388531928914009,0.8919884011798789,0.8061495926713573,0.8801753206289962,1.0718966925905475,0.8748428364920005,0.8489509080788821,0.7761743020044951,0.8896752229493345,0.7313800947415039,0.7729921872899475,0.9592570488302956,0.3045224245250562,0.19531229865235836,0.4849010105492551,0.4248834505948775,-0.17745119223871675,0.2473641148713181,-0.1360857580452024,0.14657109552687642,0.514416524905114,0.2596524223981451,-0.08341205411010001,-0.4607855649417305,-0.0928862615030026,0.15547632195774974
SERTAD4,0.9878199459172032,0.9453172028358506,0.9691274261947104,1.0577326654619643,0.6438381623631071,0.7428726500366171,1.0789612493884821,0.7754962473863791,0.8208614253619582,1.0013967749470156,0.9591818234007918,0.2192382981442711,0.5311326526572147,1.0081862095658485,0.9552586463307184,0.7810529155617582,1.020344080034568,1.021939651260281,0.9798648663421188,1.024438025433166,0.9660389709307508,1.2033502602741977,1.0103553402746617,1.0846377374621732,0.4551318500859423,0.8848965116272056,0.64343395443699,-0.1125669650644794,0.13703878856034746,-0.07483336361132831,0.20194438886172209,0.015996241527833188,0.2430054588607257,0.24081284019521665,0.14363618944640955,0.1026581003031498,0.2856532196726441,-0.033738849398608384,0.7166544967666559,-0.06878719834447299,-0.21006333154105472
C1orf133,0.9878199459172032,0.9453172028358506,0.9691274261947104,1.0577326654619643,0.6438381623631071,0.7428726500366171,1.0789612493884821,0.7754962473863791,0.8208614253619582,1.0013967749470156,0.9591818234007918,0.2192382981442711,0.5311326526572147,1.0081862095658485,0.9552586463307184,0.7810529155617582,1.020344080034568,1.021939651260281,0.9798648663421188,1.024438025433166,0.9660389709307508,1.2033502602741977,1.0103553402746617,1.0846377374621732,0.4551318500859423,0.8848965116272056,0.64343395443699,-0.1125669650644794,0.13703878856034746,-0.07483336361132831,0.20194438886172209,0.015996241527833188,0.2430054588607257,0.24081284019521665,0.14363618944640955,0.1026581003031498,0.2856532196726441,-0.033738849398608384,0.7166544967666559,-0.06878719834447299,-0.21006333154105472
TECR,0.9915531834927668,0.8876016560000277,1.205643399739324,1.3889487100189175,0.8604026736466848,0.4924314530643175,0.7622441388207246,1.0043081107448641,0.9830032695083516,1.0491314691395237,1.0942573316631812,0.505228988401857,0.4555899111402884,0.8750823094953377,1.000763177039785,0.672856300798713,0.9845486158543753,1.069161768327067,0.8521936177040024,1.049874600004865,0.9719713517117629,1.0165092880155506,0.9333911553520212,0.8527127144284457,0.5016881427406572,0.9169230686928396,1.0124604817441931,0.21491634478738186,0.3167497356029494,-0.13082541082890842,0.19796807910175174,0.1442124227859205,0.18983864378996573,0.12454173750983832,-0.1421236646058146,0.10437988340219384,0.3785589758346748,0.011299615017064113,0.5053547180665472,-0.002972551864918405,0.4700604040208476
KIAA0100,1.0604899427286925,1.0619724672080617,1.2485558806675243,1.2838067411633167,0.9788756440515244,0.7383969281817002,0.8392085909858782,1.1220468343664631,0.9705766236326197,1.0865130763280928,0.994163911307144,0.6718898112228944,0.8361114699425101,0.94652705411035,0.8786963398204408,0.6922956158347509,1.0016115615952508,1.1205788066997338,1.0549103210282054,1.1429530879011178,1.1819072562731074,0.92353084428414,0.6898353320044794,0.956806005795328,0.6232191057170908,0.9529444585098288,0.8664439299926787,-0.07134437404199323,0.3866822761297564,0.4525066081455811,0.20668161738774327,0.3821558288464271,0.2561671434096233,0.21052996988522302,-0.1312098658986942,0.21681668607173604,0.2318958114413707,0.014052128423747591,0.9633944196908356,-0.016204960406355884,0.0725695030163509
FLJ25006,1.0604899427286925,1.0619724672080617,1.2485558806675243,1.2838067411633167,0.9788756440515244,0.7383969281817002,0.8392085909858782,1.1220468343664631,0.9705766236326197,1.0865130763280928,0.994163911307144,0.6718898112228944,0.8361114699425101,0.94652705411035,0.8786963398204408,0.6922956158347509,1.0016115615952508,1.1205788066997338,1.0549103210282054,1.1429530879011178,1.1819072562731074,0.92353084428414,0.6898353320044794,0.956806005795328,0.6232191057170908,0.9529444585098288,0.8664439299926787,-0.07134437404199323,0.3866822761297564,0.4525066081455811,0.20668161738774327,0.3821558288464271,0.2561671434096233,0.21052996988522302,-0.1312098658986942,0.21681668607173604,0.2318958114413707,0.014052128423747591,0.9633944196908356,-0.016204960406355884,0.0725695030163509
C19orf50,1.0130440133513692,0.9349885470443304,1.1218958540422266,1.0736802674952064,0.8535291526276554,0.7803598370343257,0.9558433410960854,0.9790804260741656,0.9425198526745028,1.1669446864462811,1.1065763425471915,0.400716798964015,0.6810100937740442,0.9072135029206274,0.9538661267898152,0.743431804548973,0.7845661196269464,1.1416418483310462,1.0875125101315577,0.9894257067750268,1.0419870360420709,0.9675070705014056,0.9785166218091064,1.153554679213931,0.3872937617014909,0.9984534562722662,0.7737873197800473,0.20702916077199207,0.03880859334523912,0.4470304062734951,0.17883023126105302,0.1844242338714155,0.2811545122387029,0.20158379329741427,-0.09223713387069177,0.022876191290302383,0.2724433005306346,0.05554243238232415,0.8178640600460532,-0.0959897122988349,0.2643679169034225
REXO1,1.1804728740000492,0.9820600145324851,1.047405239417162,1.4581755722486691,0.7625999524671272,0.6160656195486407,0.846185682953486,1.1936152338858994,0.8983298842710754,0.7248738427830429,0.9165717576725924,0.5914769931339241,0.5648504640901351,0.8943153620177124,1.0038392561995506,1.051927976152046,0.8588693131334066,1.0562375791322909,0.9792064952007964,0.9623120805852076,1.189100374741312,1.0373424986852369,0.8867961679174678,1.1839440779561174,0.6650832007425761,1.1899487507429418,1.05473307340982,0.2326809484529089,0.21741047853313944,0.3678387302221093,0.2956654493792659,0.2361135068009679,0.2716839461634533,0.2322939659800913,0.12255755878621112,0.15073286992955115,0.2389527776824121,0.14900953614427248,0.8166444176567684,0.13643336648139082,0.3414434566477187
ABCA3,1.0151670251279796,0.8551441447667836,0.968642430105732,1.2330881237964009,0.9739458818696588,0.7180840358658047,0.8806925455781771,1.0696590131043382,0.7591344994750053,0.8678591092942565,1.0056608380039602,0.6359332434165812,0.6840404738519421,0.8522512920471907,1.081942258519332,0.7278810477252851,0.8865241002564397,0.8524427209869883,0.8672741131635475,0.881278545706822,0.9235418388227096,0.9542002544623616,0.9799303789001717,1.037504640540048,0.5895003468724891,0.9752627924957108,1.0441581348619149,0.3608990528268854,0.4168147098764916,0.4596489431519844,0.2736496241926798,0.2935394926367818,0.5032522388464526,0.4800525238733395,0.14726736800703133,0.19133651874380364,0.5083394963881607,0.2869238155705045,0.7794196084399125,0.23137729509536764,0.3721391443863755
TMEM220,0.5577834105271645,0.6952770337578097,0.7412329953182002,1.181869914298259,0.9146220366241604,0.6984359982477155,0.4159630517105093,0.9725555422648652,0.8875169342159921,0.7579626470296164,1.0013496496206262,0.30988525025086056,0.5127990213289019,0.8036112384245337,0.9672365074396684,0.6098177643177218,0.9513137907373792,0.9459940493141009,0.8353306618379022,0.9625713113725968,0.8777642319617776,0.6695653427664535,0.6733392831199995,0.8012617998033877,0.5068767872747573,0.9063272817448726,0.8996129512413127,0.2717838329649539,0.35391007925438145,0.06735040494619737,0.06494420294583386,0.20070807407285024,0.21978504461116774,0.2448558511425604,0.21647486813181085,0.2031870556756133,0.17853479074119089,0.1817816089259025,0.15526251186003098,0.12093197300265017,0.282206154667782
ABL1,1.0951177073709777,0.7548257352922407,1.0435000002085115,1.1877299889622503,0.8058744682949109,0.4345227744781859,1.0919016847623584,1.0993894136051754,0.8452331386670462,0.961101946710722,1.019105809560796,0.5703788856198977,0.33921920672218464,0.7807597081799411,1.0568561643600451,0.7913476808053761,0.9217411342906776,1.045430610683204,0.8554298602367987,0.9100496372429512,0.9298111449320604,1.0000465671559735,0.7282572048470173,1.0901786892695569,0.5871235789672244,1.0397837124363023,0.7796345919499745,0.033873038061188236,0.25462025394334953,0.3644062819308389,0.18794791183149814,0.15249886620435005,0.3235755895959831,0.3333029481926037,0.1295247861609501,0.0977570173347022,0.4893592838391574,0.022720275759021025,0.45998001187226706,0.02211231596588004,0.08596026772022247
B3GNT1,1.0717843503539983,0.8651589771032391,1.1276609173255998,1.1457259484012134,0.8207893846975367,0.5801926815098086,0.4831135722674964,0.9663444655825976,0.8345771090152041,1.043567666094323,0.7394639236842087,0.8917096328760692,0.6726557180039563,0.9245609241934052,1.0086688484196984,0.6999943393512982,0.826823589543048,1.1272191829492977,0.7172201780803241,0.9328771658955122,0.9011464280397404,1.0598822346065015,0.8473578025169661,0.9431068176320336,0.7914894730162525,1.0106437820647975,0.921080592743752,0.07422559628437364,0.3543477441544638,0.6509600216350062,0.2630194192749655,0.4292273841989076,0.2141820285970606,0.08104519249474418,0.1878331908609554,0.3902849980027488,0.15937427347301614,0.2856137722334677,0.6532067918193682,0.2849377847788237,0.25792505837343915
BRMS1,1.0717843503539983,0.8651589771032391,1.1276609173255998,1.1457259484012134,0.8207893846975367,0.5801926815098086,0.4831135722674964,0.9663444655825976,0.8345771090152041,1.043567666094323,0.7394639236842087,0.8917096328760692,0.6726557180039563,0.9245609241934052,1.0086688484196984,0.6999943393512982,0.826823589543048,1.1272191829492977,0.7172201780803241,0.9328771658955122,0.9011464280397404,1.0598822346065015,0.8473578025169661,0.9431068176320336,0.7914894730162525,1.0106437820647975,0.921080592743752,0.07422559628437364,0.3543477441544638,0.6509600216350062,0.2630194192749655,0.4292273841989076,0.2141820285970606,0.08104519249474418,0.1878331908609554,0.3902849980027488,0.15937427347301614,0.2856137722334677,0.6532067918193682,0.2849377847788237,0.25792505837343915
